Workbook

Sheet Main Dashboard
A1: AI Governance Interoperability Index
A2: Dashboard overview: mapping fragmentation and pathways for inclusive global AI governance
A4: Framework Reviewed | F4: Scoring Dimensions | K4: Top Readiness Score | P4: Average Readiness
B5: =COUNTA(Scoring_Model!A6:A14) -> 9 | G5: 6 | L5: =MAX(Scoring_Model!I6:I14) -> 0.83333333 | R5: =AVERAGE(Scoring_Model!I6:I14) -> 0.74074074

Sheet Dashboard
A1: AI Governance Interoperability Index
A2: Dashboard overview: mapping fragmentation and pathways for inclusive global AI governance
A4: Frameworks Reviewed | E4: Scoring Dimensions | I4: Top Readiness Score | L4: Average Readiness
A5: =COUNTA(Scoring_Model!A6:A14) -> 9 | E5: 6 | I5: =MAX(Scoring_Model!I6:I14) -> 0.83333333 | L5: =AVERAGE(Scoring_Model!I6:I14) -> 0.74074074
A6: Global, regional and national approaches | E6: Principles, risk, institutions, standards, cooperation, inclusion | I6: UN High-level Advisory Body on AI | L6: Across selected frameworks
A10: Study Snapshot | H10: Framework / Actor | I10: Readiness % | J10: Total Score
A11: Purpose: Compare selected AI governance frameworks and assess how far they support interoperability. Interoperability means the ability of different governance systems to work together through shared principles, comparable risk approaches, standards exchange, policy learning, institutional cooperation and inclusion. Study outputs: mapping table, readiness scoring model, source log, visual artefacts and policy brief-ready insights. | H11: =Scoring_Model!A6 -> UN High-level Advisory Body on AI: Governing AI for Humanity | I11: =Scoring_Model!I6 -> 0.83333333 | J11: =Scoring_Model!H6 -> 25
H12: =Scoring_Model!A7 -> UN AI Governance for Humanity Lab | I12: =Scoring_Model!I7 -> 0.8 | J12: =Scoring_Model!H7 -> 24
H13: =Scoring_Model!A8 -> OECD AI Principles / OECD.AI Policy Observatory | I13: =Scoring_Model!I8 -> 0.8 | J13: =Scoring_Model!H8 -> 24
H14: =Scoring_Model!A9 -> European Union AI Act | I14: =Scoring_Model!I9 -> 0.8 | J14: =Scoring_Model!H9 -> 24
H15: =Scoring_Model!A10 -> African Union Continental Artificial Intelligence Strategy | I15: =Scoring_Model!I10 -> 0.7 | J15: =Scoring_Model!H10 -> 21
H16: =Scoring_Model!A11 -> ASEAN Guide on AI Governance and Ethics | I16: =Scoring_Model!I11 -> 0.66666667 | J16: =Scoring_Model!H11 -> 20
H17: =Scoring_Model!A12 -> United Kingdom Pro-Innovation Approach to AI Regulation | I17: =Scoring_Model!I12 -> 0.7 | J17: =Scoring_Model!H12 -> 21
H18: =Scoring_Model!A13 -> United States NIST AI Risk Management Framework 1.0 | I18: =Scoring_Model!I13 -> 0.73333333 | J18: =Scoring_Model!H13 -> 22
H19: =Scoring_Model!A14 -> China AI Governance Approach: Generative AI Measures and Global AI Governance Initiative | I19: =Scoring_Model!I14 -> 0.63333333 | J19: =Scoring_Model!H14 -> 19
A24: Key Insights
A25: • AI governance is developing as a patchwork, not one global model. • Shared principles are the strongest area of alignment across frameworks. • Risk classifications and assurance mechanisms vary significantly. • Inclusion and capacity building are essential for legitimate global interoperability. • Practical bridges include common vocabulary, risk taxonomy alignment, standards exchange and policy observatories.
A59: Dashboard note: Scores are interpretive and based on selected public sources and the project scoring model. They are intended for structured policy synthesis and visual analysis, not official rankings.

Sheet README
A1: AI Governance Interoperability Index
A3: Project introduction, methodology and workbook navigation
A5: Project Introduction
A6: Artificial intelligence is now being governed through many different national, regional and international approaches. Some frameworks use binding laws, while others use voluntary principles, policy guidance, standards or sector-specific regulation. This project studies how selected AI governance approaches are structured, where they align, where they differ, and how they may support or limit interoperability.
A8: Why This Study Was Conducted
A9: AI systems, markets, risks and supply chains increasingly operate across borders. The study was conducted to understand the global AI governance patchwork and to explore practical pathways toward more inclusive and interoperable governance.
A11: How to Interpret the Scoring
A12: The workbook uses six scoring dimensions: shared principles alignment, risk classification clarity, institutional coordination, standards and assurance linkages, international cooperation, and inclusion or capacity building. Each dimension is scored from 1 to 5. The total score is calculated out of 30 and converted into an interoperability readiness percentage.
A14: Workbook Structure
A15: Dashboard: complete visual overview of the study.
A16: Mapping_Table: comparative mapping across selected frameworks.
A17: Scoring_Model: interpretive scoring model and evidence notes.
A18: Source_Log: official or high-reliability sources used for the analysis.

Sheet Mapping_Table
A1: Comparative Mapping of Selected AI Governance Frameworks
A2: Structured comparison of governance philosophy, risk approach, institutions, standards, cooperation and inclusion.
A4: Framework / Actor | B4: Level | C4: Region | D4: Instrument Type | E4: Binding Status | F4: Core Governance Philosophy | G4: Primary Risk Approach | H4: Institutional Model | I4: Standards / Assurance Tools | J4: International Cooperation Mechanism | K4: Inclusion / Capacity Focus | L4: Interoperability Strength | M4: Interoperability Gap | N4: Source
A5: UN High-level Advisory Body on AI: Governing AI for Humanity | B5: Global | C5: Global | D5: Final report and global governance recommendations | E5: Non-binding advisory report | F5: Inclusive, networked, human-centred global AI governance anchored in international cooperation. | G5: Systemic and global-risk framing, with emphasis on scientific assessment, standards exchange and policy dialogue rather than a single legal risk taxonomy. | H5: Recommends new or strengthened global functions, including international scientific assessment, policy dialogue, standards exchange, capacity development and global cooperation mechanisms. | I5: Highlights need for standards exchange, scientific assessment, data governance and accountability mechanisms. | J5: Directly proposes international policy dialogue and global cooperation mechanisms for AI governance. | K5: Strong emphasis on global inclusion, capacity development, representation of developing countries and public-interest governance. | L5: Creates a common global reference point and convening architecture for interoperable governance. | M5: Advisory nature means implementation depends on Member State uptake, institutional resourcing and translation into operational tools. | N5: https://www.un.org/sites/un2.un.org/files/governing_ai_for_humanity_final_report_en.pdf
A6: UN AI Governance for Humanity Lab | B6: Global / UN initiative | C6: Global | D6: UN lab / policy initiative / analytical workstream | E6: Non-binding, catalytic initiative | F6: Agile, networked and multistakeholder governance support for international AI cooperation. | G6: Focuses on governance implementation, interoperability, industry insights and policy analysis rather than statutory risk tiers. | H6: Operates as a UN-hosted lab under ODET to mobilize networks, produce analysis and support the Global Dialogue on AI Governance. | I6: Supports analytical tools, mapping, knowledge products and cooperation workstreams rather than a compliance standard. | J6: Designed to contribute analytical work to the Global Dialogue on AI Governance. | K6: Emphasizes multistakeholder participation and international cooperation across governance nodes. | L6: Highly relevant as a bridge between expert inputs, policy dialogue and practical interoperability analysis. | M6: Still emerging, with influence dependent on dialogue outcomes, uptake by Member States and integration with other UN processes. | N6: https://www.un.org/digital-emerging-technologies/content/ai-governance-humanity-lab
A7: OECD AI Principles / OECD.AI Policy Observatory | B7: Intergovernmental | C7: OECD plus adherents and partner countries | D7: Principles, observatory, policy database and implementation tools | E7: Non-binding but internationally influential | F7: Trustworthy, innovative AI that respects human rights, democratic values and responsible stewardship. | G7: Principles-based approach, supported by policy tracking, risk and incident resources, and implementation guidance. | H7: OECD hosts policy observatory, dashboards, policy initiatives database and international policy communities. | I7: Provides comparative policy tools, policy database, implementation resources and AI incident monitoring. | J7: OECD.AI supports policy learning and comparability across jurisdictions; principles have broad international uptake. | K7: Includes inclusive growth, sustainable development and human-centred values, though Global South capacity focus is less central than UN or AU approaches. | L7: Strong source for cross-country comparability and shared terminology. | M7: Non-binding nature and OECD-centred membership can limit universal legitimacy and implementation consistency. | N7: https://oecd.ai/en/ai-principles
A8: European Union AI Act | B8: Regional | C8: European Union | D8: Horizontal AI regulation | E8: Binding regulation | F8: Risk-based, rights-protective and market-harmonising regulation for AI systems. | G8: Defines levels of AI system risk including unacceptable risk, high risk, limited risk and minimal/no risk. | H8: Uses EU-level and Member State regulatory architecture, conformity assessment, market surveillance and obligations for providers and deployers. | I8: Connects to harmonised standards, conformity assessment, transparency obligations, post-market monitoring and governance requirements. | J8: Potential global regulatory influence through market effects and international standards engagement. | K8: Addresses fundamental rights and societal risks; inclusion and development cooperation are less central than internal market and rights protection. | L8: Provides strong legal clarity and a risk taxonomy that can become a reference point for other jurisdictions. | M8: Binding EU-specific compliance model may be difficult for lower-capacity jurisdictions to mirror and may create extraterritorial friction. | N8: https://digital-strategy.ec.europa.eu/en/policies/regulatory-framework-ai
A9: African Union Continental Artificial Intelligence Strategy | B9: Regional | C9: Africa | D9: Continental strategy | E9: Non-binding / strategic regional framework | F9: Africa-centric, development-focused, ethical, responsible and equitable AI for socio-economic transformation. | G9: Balances opportunity, risk mitigation, capability building, data governance, innovation and responsible deployment. | H9: Regional strategic framework aligned with AU Agenda 2063, national policy development and regional cooperation. | I9: Emphasizes policy actions, capability building, responsible data governance and cooperation, with standards and assurance still developing. | J9: Promotes regional and international cooperation to harness AI for Africa's transformation and sustainable development. | K9: Very strong focus on digital divides, local capability, inclusion, African priorities and equitable participation. | L9: Important for ensuring interoperability is not only technical or regulatory, but also developmental and inclusive. | M9: Implementation capacity, financing and national policy harmonisation may vary significantly across Member States. | N9: https://au.int/sites/default/files/documents/44004-doc-EN-_Continental_AI_Strategy_July_2024.pdf
A10: ASEAN Guide on AI Governance and Ethics | B10: Regional | C10: Southeast Asia | D10: Practical governance guide | E10: Voluntary guide | F10: Soft-law, practical and business-facing approach to responsible AI governance and regional alignment. | G10: Practical risk management and governance guidance for design, development and deployment of traditional AI systems. | H10: Provides guidance for organisations and supports alignment across ASEAN jurisdictions; ASEAN Working Group on AI Governance supports follow-up work. | I10: Includes governance recommendations, internal structures, risk management, stakeholder interaction and practical implementation guidance. | J10: Explicitly encourages alignment within ASEAN and interoperability of AI frameworks across jurisdictions. | K10: Addresses regional needs and stakeholder trust; capacity building is supported through ASEAN cooperation but less detailed than AU strategy. | L10: Strong example of voluntary regional interoperability and practical governance guidance. | M10: Voluntary scope and focus on traditional AI may require updating for advanced generative AI and enforcement consistency. | N10: https://asean.org/wp-content/uploads/2024/02/ASEAN-Guide-on-AI-Governance-and-Ethics_beautified_201223_v2.pdf
A11: United Kingdom Pro-Innovation Approach to AI Regulation | B11: National | C11: United Kingdom | D11: White paper and regulator-led framework | E11: Mostly non-statutory at framework level | F11: Principles-based, context-specific and innovation-enabling regulation through existing regulators. | G11: Cross-cutting principles applied by sector regulators, including safety, transparency, fairness, accountability and contestability. | H11: Decentralised model relying on existing regulators rather than a single AI regulator. | I11: Uses regulatory guidance, assurance ecosystem development, standards engagement and sectoral regulator implementation. | J11: States commitment to international engagement and interoperability across regulatory regimes. | K11: Acknowledges public trust and responsible innovation, but global capacity building is not the central focus. | L11: Flexible model can adapt to fast-changing AI systems and support international regulatory interoperability. | M11: Less binding central structure may produce uneven implementation across sectors and lower legal certainty. | N11: https://www.gov.uk/government/publications/ai-regulation-a-pro-innovation-approach/white-paper
A12: United States NIST AI Risk Management Framework 1.0 | B12: National / standards | C12: United States | D12: Risk management framework | E12: Voluntary framework | F12: Trustworthy and responsible AI through structured risk management across the AI lifecycle. | G12: Risk management functions: Govern, Map, Measure and Manage; focuses on socio-technical risks and trustworthy AI characteristics. | H12: NIST framework supports organisations that design, develop, deploy or use AI systems; not a comprehensive national regulator. | I12: Strong assurance orientation through common vocabulary, risk management practices, playbook and measurement emphasis. | J12: Useful as a technical and standards-oriented reference internationally, though not a treaty or global governance body. | K12: Addresses impacts on individuals, organisations and society; inclusion is present but not its strongest dimension. | L12: Highly interoperable as a common risk-management vocabulary and assurance tool across sectors. | M12: Voluntary framework does not itself create legal obligations or resolve geopolitical governance differences. | N12: https://www.nist.gov/itl/ai-risk-management-framework
A13: China AI Governance Approach: Generative AI Measures and Global AI Governance Initiative | B13: National plus global proposal | C13: China | D13: Binding domestic measures plus global policy initiative | E13: Mixed: binding domestic regulation and non-binding international initiative | F13: State-led, security-oriented governance emphasizing development, safety, content governance and sovereign equality in global AI development. | G13: Domestic rules regulate public-facing generative AI services, deep synthesis and algorithmic systems with security, content and registration obligations; global initiative frames development, security and governance. | H13: Strong central coordination through state agencies and sectoral regulators, including CAC-led digital governance instruments. | I13: Uses administrative measures, filings, security assessment, content management, labelling and standards-related work. | J13: Global AI Governance Initiative calls for collaboration, equal rights to develop AI and opposition to exclusive blocs. | K13: Global initiative emphasizes access and development rights; domestic approach places stronger emphasis on security and public order. | L13: Shows a major non-Western governance model and highlights geopolitical dimensions of interoperability. | M13: Differences in transparency, rights models, content controls and geopolitical trust may complicate interoperability with other frameworks. | N13: https://il.china-embassy.gov.cn/eng//sgxw/202310/t20231024_11166964.htm

Sheet Scoring_Model
A1: AI Governance Interoperability Readiness Scoring Model
A2: Interpretive scoring across six interoperability dimensions. Total Score = sum of six dimensions. Readiness % = Total Score / 30.
A5: Framework / Actor | B5: Shared Principles Alignment Score | C5: Risk Classification Clarity Score | D5: Institutional Coordination Score | E5: Standards and Assurance Linkages Score | F5: International Cooperation Score | G5: Inclusion and Capacity Score | H5: Total Score | I5: Interoperability Readiness % | J5: Evidence Note | K5: Scoring Status
A6: UN High-level Advisory Body on AI: Governing AI for Humanity | B6: 5 | C6: 3 | D6: 4 | E6: 3 | F6: 5 | G6: 5 | H6: =SUM(B6:G6) -> 25 | I6: =H6/30 -> 0.83333333 | J6: Strong global legitimacy, inclusion and cooperation architecture; less detailed as a compliance taxonomy because it is an advisory global governance report. | K6: Interpretive, evidence-based
A7: UN AI Governance for Humanity Lab | B7: 5 | C7: 3 | D7: 4 | E7: 3 | F7: 5 | G7: 4 | H7: =SUM(B7:G7) -> 24 | I7: =H7/30 -> 0.8 | J7: Designed to mobilize networks, produce analysis and support Global Dialogue preparation; operational outputs are emerging rather than mature. | K7: Interpretive, evidence-based
A8: OECD AI Principles / OECD.AI Policy Observatory | B8: 5 | C8: 3 | D8: 4 | E8: 4 | F8: 5 | G8: 3 | H8: =SUM(B8:G8) -> 24 | I8: =H8/30 -> 0.8 | J8: Strong comparative policy tools and shared principles; inclusion is present but less Global-South-centred than UN or AU approaches. | K8: Interpretive, evidence-based
A9: European Union AI Act | B9: 4 | C9: 5 | D9: 5 | E9: 4 | F9: 3 | G9: 3 | H9: =SUM(B9:G9) -> 24 | I9: =H9/30 -> 0.8 | J9: Strong legal clarity, institutional obligations and risk categories; interoperability depends on external alignment and implementation capacity. | K9: Interpretive, evidence-based
A10: African Union Continental Artificial Intelligence Strategy | B10: 4 | C10: 3 | D10: 3 | E10: 2 | F10: 4 | G10: 5 | H10: =SUM(B10:G10) -> 21 | I10: =H10/30 -> 0.7 | J10: Very strong development and capacity lens; standards and assurance architecture remain at an emerging implementation stage. | K10: Interpretive, evidence-based
A11: ASEAN Guide on AI Governance and Ethics | B11: 4 | C11: 3 | D11: 3 | E11: 3 | F11: 4 | G11: 3 | H11: =SUM(B11:G11) -> 20 | I11: =H11/30 -> 0.66666667 | J11: Explicit regional alignment and interoperability focus; voluntary scope and traditional-AI focus limit enforceability. | K11: Interpretive, evidence-based
A12: United Kingdom Pro-Innovation Approach to AI Regulation | B12: 4 | C12: 3 | D12: 4 | E12: 3 | F12: 4 | G12: 3 | H12: =SUM(B12:G12) -> 21 | I12: =H12/30 -> 0.7 | J12: Flexible regulator-led model and explicit interoperability commitment; decentralisation may create uneven implementation. | K12: Interpretive, evidence-based
A13: United States NIST AI Risk Management Framework 1.0 | B13: 4 | C13: 4 | D13: 3 | E13: 5 | F13: 3 | G13: 3 | H13: =SUM(B13:G13) -> 22 | I13: =H13/30 -> 0.73333333 | J13: Very strong standards and assurance value through Govern, Map, Measure and Manage; voluntary and not a full governance regime. | K13: Interpretive, evidence-based
A14: China AI Governance Approach: Generative AI Measures and Global AI Governance Initiative | B14: 3 | C14: 3 | D14: 4 | E14: 3 | F14: 3 | G14: 3 | H14: =SUM(B14:G14) -> 19 | I14: =H14/30 -> 0.63333333 | J14: Strong state coordination and global cooperation language; interoperability gaps arise from different rights, transparency and governance assumptions. | K14: Interpretive, evidence-based

Sheet Source_Log
A1: Source Log and Evidence Base
A2: Official or high-reliability sources used to support the mapping and scoring model.
A4: Framework / Actor | B4: Source title | C4: Source type | D4: Publisher / Institution | E4: Publication / update date noted | F4: URL | G4: Key evidence captured | H4: Access / verification date | I4: Reliability note
A5: UN High-level Advisory Body on AI: Governing AI for Humanity | B5: Governing AI for Humanity: Final Report | C5: Official PDF report | D5: United Nations | E5: 2024 | F5: https://www.un.org/sites/un2.un.org/files/governing_ai_for_humanity_final_report_en.pdf | G5: Final report of the UN High-level Advisory Body on AI; includes recommendations on scientific assessment, policy dialogue, standards exchange, capacity development and global cooperation. | H5: 2026-06-01 | I5: Official UN source
A6: UN AI Governance for Humanity Lab | B6: AI Governance for Humanity Lab | C6: Official web page | D6: United Nations ODET | E6: 2026 | F6: https://www.un.org/digital-emerging-technologies/content/ai-governance-humanity-lab | G6: Describes the Lab's workstreams and role in supporting the Global Dialogue on AI Governance. | H6: 2026-06-01 | I6: Official UN source
A7: Global Dialogue on AI Governance | B7: Global Dialogue on AI Governance | C7: Official web page | D7: United Nations | E7: 2026 | F7: https://www.un.org/global-dialogue-ai-governance/en | G7: Confirms first session of the Global Dialogue on AI Governance will be held on 6 and 7 July 2026 in Geneva. | H7: 2026-06-01 | I7: Official UN source
A8: OECD AI Principles / OECD.AI Policy Observatory | B8: OECD AI Principles overview | C8: Official web page | D8: OECD | E8: 2019, updated OECD web source | F8: https://oecd.ai/en/ai-principles | G8: Principles promote innovative and trustworthy AI respecting human rights and democratic values. | H8: 2026-06-01 | I8: Official OECD source
A9: OECD AI Principles / OECD.AI Policy Observatory | B9: OECD.AI Policy Observatory | C9: Official platform | D9: OECD | E9: Current platform | F9: https://oecd.ai/ | G9: Provides policy observatory and access to 900+ national AI policies and initiatives. | H9: 2026-06-01 | I9: Official OECD source
A10: European Union AI Act | B10: AI Act: Shaping Europe's digital future | C10: Official web page | D10: European Commission | E10: Current EU policy page | F10: https://digital-strategy.ec.europa.eu/en/policies/regulatory-framework-ai | G10: Explains the AI Act's risk-based approach and four levels of risk. | H10: 2026-06-01 | I10: Official EU source
A11: African Union Continental Artificial Intelligence Strategy | B11: Continental Artificial Intelligence Strategy | C11: Official PDF strategy | D11: African Union | E11: July 2024 | F11: https://au.int/sites/default/files/documents/44004-doc-EN-_Continental_AI_Strategy_July_2024.pdf | G11: Africa-centric, development-focused strategy for ethical, responsible and equitable AI. | H11: 2026-06-01 | I11: Official AU source
A12: ASEAN Guide on AI Governance and Ethics | B12: ASEAN Guide on AI Governance and Ethics | C12: Official PDF guide | D12: ASEAN | E12: February 2024 | F12: https://asean.org/wp-content/uploads/2024/02/ASEAN-Guide-on-AI-Governance-and-Ethics_beautified_201223_v2.pdf | G12: Practical regional guide that encourages alignment within ASEAN and interoperability across jurisdictions. | H12: 2026-06-01 | I12: Official ASEAN source
A13: United Kingdom Pro-Innovation Approach to AI Regulation | B13: A pro-innovation approach to AI regulation | C13: Official white paper | D13: UK Government | E13: 2023 | F13: https://www.gov.uk/government/publications/ai-regulation-a-pro-innovation-approach/white-paper | G13: Sets out proportionate, future-proof, pro-innovation framework and international interoperability commitment. | H13: 2026-06-01 | I13: Official UK Government source
A14: United States NIST AI Risk Management Framework 1.0 | B14: AI Risk Management Framework | C14: Official web page | D14: NIST | E14: AI RMF 1.0, 2023 | F14: https://www.nist.gov/itl/ai-risk-management-framework | G14: Framework for managing AI risks to individuals, organisations and society. | H14: 2026-06-01 | I14: Official NIST source
A15: United States NIST AI Risk Management Framework 1.0 | B15: Artificial Intelligence Risk Management Framework 1.0 PDF | C15: Official PDF | D15: NIST | E15: January 2023 | F15: https://nvlpubs.nist.gov/nistpubs/ai/nist.ai.100-1.pdf | G15: Details AI RMF 1.0 and risk management functions. | H15: 2026-06-01 | I15: Official NIST source
... A17: China AI Governance Approach: Generative AI Measures and Global AI Governance Initiative | B17: Interim Measures for Generative AI Services, translated PDF | C17: Translation of official measures | D17: China Aerospace Studies Institute translation of CAC source | E17: July 2023 / effective Aug 2023 | F17: https://www.airuniversity.af.edu/Portals/10/CASI/documents/Translations/2023-08-07%20ITOW%20Interim%20Measures%20for%20the%20Management%20of%20Generative%20Artificial%20Intelligence%20Services.pdf | G17: Translation captures scope and purpose of China's generative AI measures, including standardized application, national security and public interest objectives. | H17: 2026-06-01 | I17: Translation, cross-check with official Chinese source where possible
